9881,Round Hill,,,-46.265701,167.810898
0484,Te Kao,,,-34.687401,172.923996
4501,Gonville,,,-39.940102,175.013306
0756,Paremoremo,,,-36.775799,174.670197
3991,Aukopae,,,-38.913799,175.110306
4310,Westown,,,-39.072498,174.055405
0173,Kiripaka,,,-35.614700,174.439102
0295,Waipapa,,,-35.176899,173.876007
4186,Patoka,,,-39.391602,176.630997
4479,Sanson,,,-40.231701,175.435806
7925,Fairlie,,,-44.094700,170.828903
0842,Pahitoa,,,-36.768700,174.492493
3942,Piopio,,,-38.466499,175.016006
7903,Pleasant Point,,,-44.258499,171.130493
7956,Geraldine,,,-44.091202,171.243607
3166,Katikati,,,-37.552799,175.917404
3129,Katikati,,,-37.549900,175.917496
0540,Mangawhai,,,-36.125801,174.574600
1026,Waterview,,,-36.875999,174.682907
4047,Tokomaru,,,-38.130299,178.315002
0591,Ruawai,,,-36.119499,174.070908
1052,Point Resolution,,,-36.856998,174.791397
3047,Mangakakahi,,,-38.129101,176.219498
3177,Athenree,,,-37.492199,175.916901
7775,Lismore,,,-43.923199,171.470993
0381,Kirikopuni,,,-35.838402,174.008194
0656,Massey East,,,-36.833199,174.622406
5028,Grenada North,,,-41.174999,174.850296
1149,Parnell,,,-36.873100,174.777298
4022,Te Karaka,,,-38.467800,177.865997
4398,Eltham,,,-39.457699,174.342102
6443,Ngaio,,,-41.251202,174.773102
7987,Waikarua,,,-44.057701,170.881607
2150,Mangere,,,-36.998600,174.788498
3380,Waitoa,,,-37.590900,175.622406
4997,Hopelands,,,-40.362499,175.994507
0241,Opua,,,-35.312401,174.120605
0391,Tangaihe,,,-36.212601,174.037994
9471,Seacliff,,,-45.630199,170.534195
7071,Hira,,,-41.198299,173.416702
9683,Fairfax,,,-46.188499,168.081802
4614,Normanby,,,-39.541698,174.272598
4777,Kiwitea,,,-40.092701,175.736099
7781,Dorie,,,-43.852402,172.075897
4050,Te Araroa,,,-37.633598,178.369293
5871,Bideford,,,-40.845901,175.839096
0743,Forrest Hill,,,-36.751202,174.746704
5240,Ranui Heights,,,-41.134899,174.840302
0373,Mamaranui,,,-35.859100,173.710602
9876,Makarewa,,,-46.313599,168.406296
3643,Whangamata,,,-37.207100,175.871506
3720,Ngaruawahia,,,-37.669102,175.152206
8641,New Brighton,,,-43.507301,172.728699
3981,Arapae,,,-38.422100,175.102600
9048,Portobello,,,-45.839401,170.651093
4195,Tuai,,,-38.774200,177.200195
4865,Rongotea,,,-40.292999,175.424896
0174,Whangarei Heads,,,-35.806900,174.482300
0451,Awanui,,,-35.048000,173.256500
9442,Hampden,,,-45.323799,170.817200
7822,Hector,,,-41.607700,171.876297
3198,Waimana,,,-38.126900,177.155304
7385,Masons Flat,,,-42.734200,172.423294
7682,Dunsandel,,,-43.688599,172.191299
2343,Bombay,,,-37.186199,174.991196
3043,Whakarewarewa,,,-38.159100,176.256699
5544,Te Horo,,,-40.804001,175.119202
8942,Diamond Harbour,,,-45.239700,178.045700
9810,Waverley,,,-46.389400,168.372192
4075,Rakauroa,,,-38.425999,177.449402
4081,Waitakaro,,,-37.951199,178.258301
3210,Claudelands,,,-37.746300,175.270706
9043,North Dunedin,,,-45.858398,170.501007
0592,Rehia,,,-36.054901,174.038803
3143,Tauranga,,,-37.673901,176.164902
3118,Papamoa Beach,,,-37.714600,176.329407
4543,Gonville,,,-39.942799,175.022598
4975,Tahoraiti,,,-40.301899,176.099899
0243,Kawakawa,,,-35.379902,174.067200
0444,Omapere,,,-35.536701,173.386200
3877,Matapara,,,-38.187401,175.537994
4374,Oakura,,,-39.146400,173.950699
7875,Aickens,,,-42.810902,171.600098
5143,Trentham,,,-41.138000,175.034195
7285,Taimate,,,-41.770302,174.072495
0750,Takapuna,,,-36.796902,174.778198
2023,Wiri,,,-36.969002,174.882202
1842,Blackpool,,,-36.793800,175.026001
7608,Lincoln,,,-43.641602,172.483505
7983,Sutherlands,,,-44.288700,171.043106
4166,Mahia,,,-39.086899,177.918503
7988,Esk Valley,,,-44.521599,171.069397
3040,Ngapuna,,,-38.137699,176.250702
3741,Te Kauwhata,,,-37.403900,175.143997
9035,Brighton,,,-45.939701,170.337006
9446,Kurow,,,-44.733002,170.469803
9493,Hilderthorpe,,,-44.994801,171.059601
9741,Winton,,,-46.142799,168.324707
0141,Otangarei,,,-35.683399,174.300705
0962,Tryphena,,,-36.301498,175.488297
6150,Kelburn,,,-41.289001,174.761795
3998,Waimiha,,,-38.620201,175.397797
5772,Pirinoa,,,-41.407299,175.271606
3281,Gordonton,,,-37.690498,175.307495
9481,Stoneburn,,,-45.471901,170.604996
0930,Whangaparaoa,,,-36.617199,174.796600
4285,Waipukurau,,,-40.007000,176.623001
4574,Mowhanau,,,-39.853100,174.892395
5040,Alicetown,,,-41.209499,174.901505
5573,Manakau,,,-40.707298,175.201706
7866,Carters Beach,,,-41.755699,171.598999
0112,Whau Valley,,,-35.693001,174.300095
9052,Green Island,,,-45.901699,170.429703
0376,Tutamoe,,,-35.646702,173.614700
4276,Pukehou,,,-39.851700,176.597397
9544,Millers Flat,,,-45.662899,169.411804
0986,Tawharanui,,,-36.354401,174.800293
9585,New Haven,,,-46.458401,169.703903
2583,Paparimu,,,-37.099602,175.119400
4642,Kaponga,,,-39.429298,174.150604
3885,Oparau,,,-38.014198,174.977402
3946,Taumarunui,,,-38.884399,175.263901
5810,Masterton,,,-40.951599,175.653503
0405,Kaikohe,,,-35.401001,173.789597
9345,Lake Hawea,,,-44.610802,169.256393
9430,Palmerston,,,-45.481602,170.711197
4784,Silverhope,,,-39.947800,175.521194
7491,Waikari,,,-42.972900,172.646805
5142,Silverstream,,,-41.147999,175.011993
7374,Goose Bay,,,-42.483101,173.508606
7777,Seafield,,,-43.944500,171.920197
4240,Waipawa,,,-39.944199,176.586807
6160,Kelburn,,,-41.277599,174.777496
9053,Mosgiel,,,-45.875801,170.348907
3116,Omanu,,,-37.653599,176.204407
9572,Millers Flat,,,-45.608700,169.516998
3310,Waitoa,,,-37.599998,175.633408
7582,Wainui,,,-43.823299,172.905106
3193,Edgecumbe,,,-37.963001,176.835495
3200,Te Rapa,,,-37.761002,175.247406
5036,Waikanae,,,-40.873299,175.050705
7776,Lyndhurst,,,-43.750099,171.673599
9240,Balclutha,,,-46.238800,169.738800
3158,Whakatane,,,-37.952400,176.995895
3883,Ngaroto,,,-37.953899,175.281097
8640,Dallington,,,-43.507000,172.663101
0110,Woodhill,,,-35.749001,174.326996
1643,Onehunga,,,-36.920502,174.786102
7830,Reefton,,,-42.112202,171.858200
8443,Wigram,,,-43.538399,172.555893
0420,Taipa,,,-35.000801,173.495804
4572,Wiritoa,,,-39.982300,175.116302
3979,Waitewhenua,,,-38.652901,174.972397
9588,Raes Junction,,,-45.779900,169.475006
0810,Huapai,,,-36.772598,174.548798
5791,Carterton,,,-40.966301,175.502396
4320,Waitara,,,-38.997601,174.236694
4815,Foxton Beach,,,-40.464001,175.231796
4930,Dannevirke,,,-40.209000,176.102203
0662,Brighams Creek,,,-36.793499,174.616302
3691,Whangamata,,,-37.183300,175.823105
4816,Ohakea,,,-40.202599,175.380798
3872,Wharepuhunga,,,-38.073299,175.451508
7334,Hanmer Springs,,,-42.516701,172.822098
0602,Kelston,,,-36.904202,174.647400
4540,Wanganui,,,-39.934399,175.053207
3976,Hangatiki,,,-38.253700,175.219406
5243,Cannons Creek,,,-41.141602,174.865402
7910,Seaview,,,-44.386398,171.228500
9042,Kaikorai,,,-45.857899,170.478302
9091,Kuri Bush,,,-46.050201,170.218399
0812,Waimauku,,,-36.766102,174.492294
1010,Auckland,,,-36.849998,174.764999
0547,Rowsells,,,-36.110100,174.353699
3074,Tikitere,,,-38.091301,176.414200
7044,Wakatu,,,-41.300999,173.242599
0772,Karekare,,,-36.965599,174.489395
3371,Kiwitahi,,,-37.737801,175.559799
3473,Kaimai,,,-37.850700,175.896194
0181,Marua,,,-35.560600,174.383896
6012,Karori,,,-41.286900,174.740494
4340,Brooklands,,,-39.058601,174.068207
7400,Bells,,,-43.305801,172.599197
3123,Taneatua,,,-38.064602,177.006607
3247,Hamilton East,,,-37.791401,175.294403
4910,Pahiatua,,,-40.454899,175.839493
5889,Tinui,,,-40.867100,176.015594
3256,Claudelands,,,-37.729000,175.273407
7645,Tai Tapu,,,-43.661701,172.548401
0530,Ruawai,,,-36.132198,174.027695
4500,Aramoho,,,-39.914600,175.054703
5258,Paekakariki,,,-40.988400,174.951508
7204,Renwick,,,-41.505600,173.829300
7783,Te Pirita,,,-43.677101,171.980103
0147,Woodhill,,,-35.742901,174.307999
3924,Manunui,,,-38.896500,175.320206
2681,Glenbrook,,,-37.204498,174.756104
3042,Owhata,,,-38.134499,176.295197
4282,Wanstead,,,-40.120602,176.444901
0116,Ruakaka,,,-35.891998,174.464401
8052,Papanui,,,-43.500702,172.625702
4072,Pehiri,,,-38.660000,177.623001
4275,Waipawa,,,-39.964401,176.587204
0892,Kumeu,,,-36.759602,174.570999
3444,Tokoroa,,,-38.217602,175.871704
0478,Kaeo,,,-35.097401,173.789505
1060,Penrose,,,-36.917702,174.835602
7946,Glentanner,,,-43.732700,170.093796
8244,Somerfield,,,-43.557098,172.618896
0281,Pokere,,,-35.490398,174.003204
5391,Reikorangi,,,-40.900501,175.107193
7178,Havelock,,,-41.308399,173.731598
9548,Clinton,,,-46.202301,169.374100
3282,Rukuhia,,,-37.842999,175.285202
4826,Waiouru Military Camp,,,-39.471199,175.685104
7022,Brightwater,,,-41.374298,173.106598
3340,Morrinsville,,,-37.657700,175.527496
4684,Upper Kahui,,,-39.329201,173.878296
5740,Featherston,,,-41.117001,175.324799
7341,Cheviot,,,-42.812302,173.273804
7857,Whataroa,,,-43.262001,170.360397
9292,Tokoiti,,,-46.167301,169.972504
9542,Tapanui,,,-45.943501,169.261307
2155,Papatoetoe,,,-36.971401,174.862106
4610,Hawera,,,-39.585400,174.282501
0891,Huapai,,,-36.787498,174.529602
1971,Onetangi,,,-36.793098,175.092194
9305,Wanaka,,,-44.686100,169.127502
4586,Kakatahi,,,-39.730701,175.413406
0230,Kerikeri,,,-35.233601,173.959305
9069,Waitati,,,-45.745701,170.568100
6441,Ngaio,,,-41.246399,174.790894
6972,Karori West,,,-41.283901,174.681107
3493,Bruntwood,,,-37.834400,175.444794
7656,Leeston,,,-43.763599,172.296005
0271,Haruru,,,-35.285099,174.039703
2018,Beachlands,,,-36.881802,175.013397
0752,Albany,,,-36.731300,174.707504
2122,Waiau Pa,,,-37.137901,174.697906
3944,Benneydale,,,-38.520401,175.363800
7371,Langridge,,,-42.165298,173.532501
7871,Ikamatua,,,-42.247501,171.663498
0242,Russell,,,-35.262901,174.122696
7901,Twizel,,,-44.262001,170.074600
3926,Ohura,,,-38.846699,174.966904
5018,Maoribank,,,-41.119499,175.093506
1346,Sandringham,,,-36.883701,174.733002
4314,Oakura,,,-39.115002,173.950394
4985,Makuri,,,-40.498199,176.047195
0794,Dairy Flat,,,-36.668701,174.654907
7984,Mawaro,,,-44.331200,170.852600
3206,Melville,,,-37.819801,175.286499
7483,Omihi,,,-43.004101,172.870300
5540,Levin,,,-40.622200,175.286606
7430,Oxford,,,-43.299301,172.189606
7387,Tormore,,,-42.980499,173.092804
7481,Amberley,,,-43.162800,172.724792
1143,Mechanics Bay,,,-36.845100,174.767502
3471,Okauia,,,-37.768600,175.842102
7700,Allenton,,,-43.897999,171.744995
3874,Matapara,,,-38.271599,175.510803
8147,Linwood,,,-43.530201,172.657303
9349,Frankton,,,-45.015900,168.731003
9382,Makarora Wharf,,,-44.403198,168.871307
4976,Raumati,,,-40.199501,176.167297
4287,Norsewood,,,-40.052601,176.256302
4791,Raketapauma,,,-39.604198,175.589706
3175,Upper Papamoa,,,-37.741100,176.221603
0871,Kaukapakapa,,,-36.635399,174.528702
1245,Western Springs,,,-36.865398,174.737793
5887,Clareville,,,-41.016201,175.612503
7583,Robinsons Bay,,,-43.735401,172.987595
0185,Ruatangata East,,,-35.630402,174.216003
0171,Mata,,,-35.855598,174.392502
5711,Martinborough,,,-41.220501,175.459305
9391,Clyde,,,-45.192001,169.294006
4371,Mangorei,,,-39.148701,174.083206
4891,Himatangi,,,-40.392799,175.297394
9772,Pukerau,,,-46.189701,169.065704
0202,Russell,,,-35.255699,174.123306
2242,Weymouth,,,-37.033298,174.869202
7146,Riwaka,,,-41.084999,172.997101
9822,Riverton,,,-46.363098,168.016495
2112,Takanini,,,-37.044998,174.920197
4203,Takapau,,,-40.022202,176.349899
7047,Nelson East,,,-41.269001,173.294403
7241,Blenheim,,,-41.509300,173.935303
4193,Wairoa,,,-39.007599,177.343002
2577,Drury,,,-37.114700,174.974197
3771,Pukekapia,,,-37.535801,175.109604
5016,Korokoro,,,-41.212799,174.849899
0932,Red Beach,,,-36.623199,174.706299
1011,Herne Bay,,,-36.844700,174.733597
8053,Burnside,,,-43.495701,172.567902
9401,Waiareka Junction,,,-45.094101,170.931000
4779,Waituna West,,,-40.086498,175.585297
5885,Masterton,,,-40.983002,175.652496
3245,Melville,,,-37.817501,175.282501
3782,Whangamarino,,,-37.358898,175.132599
2154,Mangere,,,-36.969898,174.785599
5572,Waitarere,,,-40.533600,175.262802
8143,Saint Albans,,,-43.513599,172.637695
2576,Whitford,,,-36.978100,174.985504
9691,Wairoto,,,-45.800301,167.113800
9340,Bridge Hill,,,-45.256199,169.392807
9682,Eastern Bush,,,-45.942600,167.766602
8842,North New Brighton,,,-43.481701,172.705994
9892,Mokoreta,,,-46.390701,169.086105
4159,Mayfair,,,-39.637798,176.852707
7980,Morven,,,-44.821899,171.119202
3948,National Park,,,-39.177101,175.402206
4847,Ashhurst,,,-40.290298,175.755203
1743,Point England,,,-36.879101,174.855194
4322,Eltham,,,-39.429001,174.299606
9875,Fortrose,,,-46.553001,168.722000
5141,Stokes Valley,,,-41.174500,174.981598
7441,Amberley,,,-43.154598,172.730194
7630,Kaiapoi,,,-43.384800,172.676605
9845,Hawthorndale,,,-46.401699,168.385300
1023,Epsom,,,-36.887199,174.770905
3840,Te Awamutu,,,-38.010399,175.323700
4158,Parkvale,,,-39.639702,176.846603
4172,Te Awanga,,,-39.658798,176.940506
3949,Tongariro,,,-39.046001,175.603806
4746,Mangaweka,,,-39.809601,175.788696
2678,Mauku,,,-37.230499,174.841202
3078,Atiamuri,,,-38.426201,175.994705
4542,Wanganui East,,,-39.909599,175.053299
4974,Ngamoko,,,-40.049099,176.195099
0883,Pahitoa,,,-36.760399,174.467300
3381,Kuratau,,,-38.818401,175.709595
3472,Hinuera,,,-37.852600,175.699295
6149,Wellington,,,-41.294201,174.783096
0630,Browns Bay,,,-36.721500,174.744705
3293,Waitetuna,,,-37.817699,175.074295
9482,Katiki,,,-45.425900,170.789200
8440,Riccarton,,,-43.529800,172.601196
1021,Arch Hill,,,-36.862999,174.743195
3254,Newstead,,,-37.789902,175.326096
4353,Eltham,,,-39.429798,174.299393
4396,Tahora,,,-39.027699,174.783600
7873,Barrytown,,,-42.246899,171.322693
0741,Milford,,,-36.772800,174.766098
9271,Glenomaru,,,-46.368099,169.683395
7081,Richmond,,,-41.349800,173.186203
3432,Leamington,,,-37.909599,175.478104
9720,Winton,,,-46.141399,168.318695
5254,Paraparaumu,,,-40.916500,175.005493
3160,Edgecumbe,,,-37.975201,176.826401
3415,Arapuni,,,-38.071499,175.649796
7773,Hinds,,,-44.060902,171.517105
0963,Port Fitzroy,,,-36.163898,175.362396
3121,Ohope Beach,,,-37.970001,177.084000
7825,Carters Beach,,,-41.748600,171.590302
3264,Gordonton,,,-37.669601,175.304092
3576,Waitakaruru,,,-37.273201,175.386307
3841,Kihikihi,,,-38.037701,175.345306
4646,Raetihi,,,-39.425900,175.276505
0175,Tahere,,,-35.694302,174.431198
7143,Port Motueka,,,-41.112701,173.011200
7210,Seddon,,,-41.669498,174.070999
7540,Sheffield,,,-43.387199,172.016296
7681,Springfield,,,-43.329498,171.941193
1025,Sandringham,,,-36.884399,174.723801
4244,Onga Onga,,,-39.912998,176.418503
3127,Kawerau,,,-38.090500,176.696396
7348,Hawarden,,,-42.923599,172.642807
7646,Coalgate,,,-43.483299,171.964401
9775,Waikoikoi,,,-45.945999,169.121307
9778,Garston,,,-45.526001,168.976898
2441,Meremere,,,-37.323101,175.069397
2682,Otaua,,,-37.309200,174.749298
4478,Milson,,,-40.297901,175.592194
8642,Bromley,,,-43.533001,172.673492
8841,Lyttelton,,,-43.603001,172.722305
3547,Colville,,,-36.634499,175.476700
4477,Mangawhata,,,-40.398899,175.447800
5713,Carterton,,,-41.028099,175.522903
7847,Springs Junction,,,-42.335098,172.182007
1140,Mechanics Bay,,,-36.847198,174.769196
2675,Ararimu,,,-37.185001,175.033798
7273,Tuamarina,,,-41.405300,173.926498
0748,North Shore,,,-36.801701,174.744598
2014,Shelly Park,,,-36.897999,174.930801
6148,Mount Victoria,,,-41.284199,174.775208
7944,Twizel,,,-44.257999,170.100006
9791,Dipton,,,-45.909698,168.429306
2244,Pahurehure,,,-37.061600,174.941696
3506,Whangapoua,,,-36.699299,175.660095
4978,Piripiri,,,-40.140900,176.055603
0944,Silverdale,,,-36.617802,174.677795
3341,Waitoa,,,-37.601501,175.628098
9494,Island Cliff,,,-44.914101,170.701797
3392,Mangaiti,,,-37.508499,175.690903
3682,Waihi,,,-37.405701,175.817795
4820,Longburn,,,-40.405399,175.585495
6442,Newlands,,,-41.222698,174.822906
7201,Witherlea,,,-41.545601,173.957199
9435,Wharekuri,,,-44.729599,170.334000
0985,Big Omaha,,,-36.324902,174.738098
3940,Otorohanga,,,-38.186401,175.211502
5884,Gladstone,,,-41.116001,175.653107
2340,Pukekohe,,,-37.199902,174.905807
2341,Waiuku,,,-37.250999,174.728607
3261,Whatawhata,,,-37.797401,175.153503
4196,Opoiti,,,-38.955898,177.540802
7960,Waimate,,,-44.733398,171.047607
0192,Rukuwai,,,-35.742901,174.470505
0587,Ranganui,,,-36.144100,174.409302
0830,Parakai,,,-36.659599,174.434006
5011,Taita,,,-41.194302,174.952194
4691,Rangataua,,,-39.329601,175.552307
9077,Portobello,,,-45.841400,170.641907
2694,Tuakau,,,-37.262600,174.959106
3048,Tihiotonga,,,-38.160198,176.235504
3149,Omanu,,,-37.655300,176.200394
4162,Tutira,,,-39.203999,176.881500
7271,Hillersden,,,-41.746201,173.438599
7591,Ataahua,,,-43.799801,172.634094
2145,Shelly Park,,,-36.893700,174.931503
3114,Omokoroa Beach,,,-37.634800,176.046707
4445,Awapuni,,,-40.372601,175.593002
5046,Petone,,,-41.225498,174.879501
9092,Mosgiel,,,-45.877800,170.341599
9274,Greenfield,,,-46.103401,169.566498
1541,Greenlane,,,-36.880402,174.798004
3912,Piopio,,,-38.467098,175.012604
8082,Lyttelton,,,-43.602402,172.724106
4078,Tiniroto,,,-38.826599,177.664703
4720,Taihape,,,-39.682800,175.789902
8062,Bromley,,,-43.541000,172.710007
0446,Waimamaku,,,-35.556000,173.475906
1246,Mount Albert,,,-36.870201,174.710693
7940,Timaru,,,-44.395000,171.253204
9749,Athol,,,-45.509499,168.573898
0588,Maungaturoto,,,-36.072300,174.373703
4071,Waerengaahika,,,-38.576000,177.955597
5581,Manakau,,,-40.791100,175.373199
0151,Ruakaka,,,-35.875099,174.455399
0410,Kaitaia,,,-35.113400,173.250198
7985,Waitohi Flat,,,-44.203999,171.192902
8141,Christchurch,,,-43.528599,172.639206
2585,Whakatiri,,,-36.989601,175.164703
3168,Matata,,,-37.888599,176.758606
4730,Hunterville,,,-39.933701,175.568802
3781,Waerenga,,,-37.357300,175.262299
4346,Waitara,,,-39.002102,174.236099
4360,Merrilands,,,-39.066601,174.102798
4585,Kakatahi,,,-39.598999,175.414795
3372,Motumaoho,,,-37.687500,175.479706
3481,Te Waotu,,,-38.116199,175.693802
9748,Kingston,,,-45.338100,168.723694
9774,Mataura,,,-46.175598,168.808197
1150,Auckland,,,-36.864101,174.762100
3251,Hamilton East,,,-37.798500,175.315704
8246,Hillsborough,,,-43.557999,172.654205
9320,Bridge Hill,,,-45.250198,169.385895
6140,Mount Victoria,,,-41.280899,174.779404
7947,Pleasant Point,,,-44.260101,171.127502
3146,Judea,,,-37.689800,176.135193
7861,Kumara,,,-42.630001,171.185898
9352,Omakau,,,-45.093899,169.602295
0283,Waihaha,,,-35.348801,174.192505
2148,Maraetai,,,-36.880299,175.034302
4694,Raetihi,,,-39.477001,175.192200
7782,Highbank,,,-43.568199,171.709702
5249,Linden,,,-41.170300,174.824707
1440,Three Kings,,,-36.903198,174.742004
3740,Starrtown,,,-37.557999,175.158905
3583,Kennedys Bay,,,-36.680500,175.553696
9383,Lindis Crossing,,,-44.920502,169.459396
0755,Albany,,,-36.724602,174.695206
1344,One Tree Hill,,,-36.891800,174.774506
9584,Clinton,,,-46.167801,169.394699
0481,Manukau,,,-35.236599,173.238205
3263,Te Kowhai,,,-37.743301,175.152603
0594,Matakohe,,,-36.067200,174.144608
4372,Hillsborough,,,-39.091702,174.150604
7310,Cheviot,,,-42.813301,173.275497
7345,Culverden,,,-42.774700,172.847305
0148,Woodhill,,,-35.751202,174.315094
4156,Parkvale,,,-39.640800,176.842499
4145,Greenmeadows,,,-39.526402,176.861404
9816,Wallacetown,,,-46.339001,168.290405
7845,Moana,,,-42.572201,171.483002
8013,Christchurch,,,-44.577202,175.550293
8545,Burnside,,,-43.488998,172.567001
3343,Te Aroha,,,-37.552299,175.703903
7046,Nelson South,,,-41.280998,173.269897
9510,Waikouaiti,,,-45.592300,170.693802
4660,Ohakune,,,-39.417599,175.398697
9354,Naseby,,,-45.023201,170.146698
9541,Waikouaiti,,,-45.595798,170.670105
4860,Shannon,,,-40.549599,175.413803
6143,Kelburn,,,-41.282501,174.774994
4920,Woodville,,,-40.333698,175.866302
9571,Roxburgh Hydro,,,-45.450401,169.406204
3721,Taupiri,,,-37.619099,175.189407
3443,Putaruru,,,-38.051601,175.778793
4073,Whangara,,,-38.538898,178.147797
3374,Te Puninga,,,-37.577702,175.585693
7073,Baton,,,-41.144199,172.567307
4188,Kotemaori,,,-39.086899,177.001907
4473,Carnarvon,,,-40.315601,175.339706
7893,Oparara,,,-41.205898,172.160904
9377,Becks,,,-44.986099,169.722702
0745,Glenfield,,,-36.768002,174.739502
3196,Waimana,,,-38.207199,177.120605
5371,Upper Hutt,,,-41.166901,175.087997
8081,Sumner,,,-43.575298,172.758896
4148,Clive,,,-39.583900,176.914795
4587,Nukumaru,,,-39.806400,174.808395
9046,Tainui,,,-45.900299,170.504105
4616,Opunake,,,-39.452301,173.857193
9010,Liberton,,,-45.836601,170.507401
9049,Saint Kilda,,,-45.897598,170.515396
9332,Ranfurly,,,-45.127201,170.102707
1740,Saint Heliers,,,-36.850700,174.857697
3041,Ngongotaha,,,-38.080502,176.212402
0757,Forrest Hill,,,-36.743000,174.724792
9272,Hillend,,,-46.154900,169.710999
4782,Pukeroa,,,-39.812302,175.546402
9273,Warepa,,,-46.256302,169.582504
2010,Pakuranga Heights,,,-36.910400,174.892502
4476,Rongotea,,,-40.286201,175.439301
4474,Tokomaru,,,-40.503502,175.545593
3375,Morrinsville,,,-37.602001,175.445007
3641,Waihi,,,-37.392300,175.841293
0152,Maungatapere,,,-35.754902,174.208099
0753,Browns Bay,,,-36.715500,174.748398
5050,Maungaraki,,,-41.209000,174.878296
7859,Weheka,,,-43.465500,170.017197
0542,Kaiwaka,,,-36.164200,174.442795
0618,Hobsonville,,,-36.798698,174.637802
5743,Carterton,,,-41.025101,175.527603
2110,Red Hill,,,-37.060902,174.965607
5043,Gracefield,,,-41.227100,174.905304
4210,Waipawa,,,-39.928902,176.585495
3187,Papamoa,,,-37.740002,176.313507
3377,Oruanui,,,-38.622601,176.001495
4376,Awakino,,,-38.682701,174.751297
9598,Ngapuna,,,-45.506500,170.268204
0440,Kaikohe,,,-35.408100,173.798599
3975,Maihiihi,,,-38.297699,175.348297
4787,Cliff Road,,,-40.051300,175.485199
7924,Waimate,,,-44.731800,171.047607
4281,Maharakeke,,,-40.043098,176.439102
4584,Whakaihuwaka,,,-39.771900,175.062607
3120,Poroporo,,,-37.955502,176.922501
4351,Bell Block,,,-39.035500,174.143204
4866,Longburn,,,-40.382999,175.545303
9643,Manapouri,,,-45.566101,167.609207
0453,Kohukohu,,,-35.358200,173.546097
2695,Kaawa,,,-37.452099,174.861099
3802,Pirongia,,,-37.991501,175.205093
3910,Te Kuiti,,,-38.335300,175.165405
4189,Kotemaori,,,-38.981300,176.995605
4390,Ratapiko,,,-39.207001,174.307800
4941,Pahiatua,,,-40.452099,175.842194
9583,Clinton,,,-46.312000,169.255707
1022,Point Chevalier,,,-36.858501,174.705307
2474,Mercer,,,-37.279800,175.072800
7945,Lake Tekapo,,,-44.004299,170.477203
3889,Kawhia,,,-38.041599,174.831299
3161,Ohope Beach,,,-37.964199,177.036102
3772,Ruawaro,,,-37.517200,175.010803
7805,Marsden,,,-42.525398,171.245499
9752,Dipton,,,-45.898899,168.369797
9814,Bluff,,,-46.603500,168.330902
7144,Upper Moutere,,,-41.269600,173.006104
7474,North Loburn,,,-43.220299,172.388397
4981,Kaitawa,,,-40.530300,175.880707
5034,Paekakariki,,,-40.976898,174.968201
5794,Greytown,,,-41.106499,175.429092
3060,Reporoa,,,-38.436001,176.341095
4045,Patutahi,,,-38.624001,177.890396
8145,Opawa,,,-43.540401,172.658493
2120,Pukekohe,,,-37.208801,174.894501
3248,Claudelands,,,-37.751400,175.279907
3674,Komata,,,-37.337601,175.740799
7275,Te Rou,,,-41.466999,173.353104
7600,Burnham,,,-43.616199,172.298706
8544,Harewood,,,-43.488400,172.538803
9848,Edendale,,,-46.313202,168.784195
0441,Kaitaia,,,-35.113998,173.263702
3794,Pepepe,,,-37.626598,174.920197
3985,Waitanguru,,,-38.444401,174.900894
4044,Tiniroto,,,-38.774200,177.566498
3192,Kawerau,,,-38.121799,176.780701
3882,Rukuhia,,,-37.883202,175.246307
2158,Mangere East,,,-36.966499,174.825104
3204,Frankton Junction,,,-37.797401,175.260406
7382,Ethelton,,,-42.790401,173.112106
7974,Claremont,,,-44.331402,171.123993
9776,Riversdale,,,-45.884701,168.711594
0153,Tutukaka,,,-35.612900,174.522003
0184,Whangaruru North,,,-35.359299,174.302307
0491,Broadwood,,,-35.276402,173.440796
3153,Te Puke,,,-37.784901,176.327499
1024,Epsom,,,-36.887699,174.752899
3045,Ngapuna,,,-38.139999,176.251602
4202,Otane,,,-39.897999,176.627502
4386,Kaimiro,,,-39.207699,174.143494
7251,Waikawa,,,-41.266899,174.048294
0144,Tikipunga,,,-35.686600,174.326599
0473,Waima,,,-35.496300,173.554901
9410,Hampden,,,-45.331699,170.735306
2156,Papatoetoe,,,-36.979698,174.854095
2160,Wiri,,,-36.977402,174.896698
5741,Martinborough,,,-41.219101,175.458298
9635,Ohai,,,-45.932201,167.956207
7544,Hororata,,,-43.543598,171.977493
7872,Bell Hill,,,-42.538399,171.716995
3543,Coromandel,,,-36.758598,175.498398
5019,Pinehaven,,,-41.170300,174.994904
3577,Parawai,,,-37.131001,175.600800
9074,Clarks,,,-45.754200,170.089706
3297,Raglan,,,-37.832401,174.805405
3379,Rangitaiki,,,-38.887001,176.374695
2248,Clevedon,,,-36.992699,175.037292
3046,Koutu,,,-38.129398,176.233704
3411,Putaruru,,,-38.050499,175.779297
7007,Murchison,,,-41.806599,172.329193
0843,Kaukapakapa,,,-36.616402,174.493301
2123,Waiuku,,,-37.248402,174.735901
9016,Waverley,,,-45.871399,170.511902
0140,Riverside,,,-35.724499,174.321304
5541,Manakau,,,-40.712399,175.216797
0472,Pakaraka,,,-35.361801,173.933701
7193,Kapowai,,,-40.913101,173.803894
8149,Spreydon,,,-43.545101,172.608307
3970,Wairere Falls,,,-38.506401,174.970993
4110,Onekawa,,,-39.498001,176.879898
3265,Raglan,,,-37.800301,174.869995
9746,Balfour,,,-45.837700,168.588898
4181,Tutira,,,-39.229301,176.914398
4996,Tiraumea,,,-40.667900,175.993607
7610,Woodend,,,-43.320599,172.664795
0447,Okaihau,,,-35.320099,173.771301
7604,Prebbleton,,,-43.582901,172.514297
9543,Lawrence,,,-45.912899,169.686600
4082,Ruatoria,,,-37.862900,178.390198
9610,Otautau,,,-46.143902,167.995499
1342,Balmoral,,,-36.888500,174.747192
5781,Pahautea,,,-41.313301,175.386597
4154,Flaxmere,,,-39.625401,176.786606
3289,Whatawhata,,,-37.779400,175.136002
0479,Saies,,,-35.079102,173.679794
0654,Te Atatu South,,,-36.855701,174.629807
0744,Devenport,,,-36.830299,174.796906
0875,Helensville,,,-36.686798,174.455704
4046,Tolaga Bay,,,-38.372700,178.297104
0176,Moengawahine,,,-35.630600,174.105698
4862,Sanson,,,-40.219799,175.424103
3191,Otangihaku,,,-38.061501,176.970795
4392,Puniwhakau,,,-39.302299,174.721298
0793,Coatesville,,,-36.722198,174.623596
1147,Herne Bay,,,-36.846001,174.733902
4348,Okato,,,-39.191002,173.879395
9356,Mataura,,,-46.194302,168.865997
1445,Waikowhai,,,-36.920200,174.736694
6021,Wellington,,,-41.305302,174.779007
3879,Kihikihi,,,-38.013401,175.417404
4279,Blackburn,,,-39.827499,176.332001
3241,Te Rapa,,,-37.757099,175.247498
3151,Kairua,,,-37.700600,176.283798
7683,Southbridge,,,-43.796299,172.249100
7843,Ahaura,,,-42.348598,171.540695
1081,Ostend,,,-36.793201,175.036194
1145,Grafton,,,-36.857800,174.757904
4412,Awapuni,,,-40.365799,175.588501
4481,Bunnythorpe,,,-40.275501,175.665695
2146,Shelly Park,,,-36.904099,174.939194
9397,Kokonga,,,-45.216099,170.261505
9534,Clinton,,,-46.202000,169.378998
3503,Ngatea,,,-37.273499,175.489304
3334,Turangi,,,-39.002800,175.806900
3351,Taupo,,,-38.686798,176.071793
0154,Ngunguru,,,-35.629700,174.504105
7670,Coutts Island,,,-43.432499,172.589005
3255,Hamilton East,,,-37.787601,175.316605
7392,Hanmer Springs,,,-42.573898,172.565903
7941,Puhuka,,,-44.356300,171.238007
1544,Ellerslie,,,-36.899200,174.805298
3242,Hamilton West,,,-37.788101,175.264404
4821,Shannon,,,-40.542500,175.418106
7206,Renwick,,,-41.514900,173.864899
0948,Matakana,,,-36.351898,174.716904
2580,Weymouth,,,-37.103199,174.860901
4989,Makuri,,,-40.530201,176.049194
4288,Maharakeke,,,-39.973701,176.401993
4982,Ngaturi,,,-40.428799,175.976196
7025,Wakefield,,,-41.405998,173.039795
0482,Kaiaka,,,-35.112202,173.413300
7841,Runanga,,,-42.402000,171.252197
9794,Lumsden,,,-45.751598,168.460205
2105,Manurewa East,,,-37.013500,174.918304
7276,Avondale,,,-41.726799,173.509094
4153,Saint Leonards,,,-39.631199,176.831406
3140,Tauranga,,,-37.693401,176.162201
4122,Akina,,,-39.646198,176.850204
4032,Ruatoria,,,-37.892601,178.320007
7748,Mayfield,,,-43.820801,171.422501
2472,Pokeno,,,-37.222500,175.005295
3610,Waihi,,,-37.386501,175.844604
7274,Upcot,,,-41.917599,173.538406
9777,Waipounamu,,,-45.835999,168.752304
4375,Okoki,,,-39.052898,174.507706
4971,Waipatiki,,,-40.355000,176.181595
2693,Te Kohanga,,,-37.300098,174.874603
2143,Botany Downs,,,-36.898300,174.906906
3994,Ngapuke,,,-38.863701,175.410706
4043,Ruatoria,,,-37.890202,178.319107
4442,Takaro,,,-40.345402,175.595200
0626,Chatswood,,,-36.805801,174.708298
3982,Puketutu,,,-38.357498,175.277893
9019,Outram,,,-45.860298,170.231201
1148,Auckland,,,-36.860901,174.769501
4155,Parkvale,,,-39.628399,176.849792
7055,Tapawera,,,-41.389000,172.823700
7444,Cust,,,-43.311298,172.379303
7747,Hinds,,,-44.003201,171.568695
9353,Ranfurly,,,-45.130100,170.099899
0247,Paihia,,,-35.282001,174.091507
3176,Whakamarama,,,-37.713799,176.007599
3197,Toatoa,,,-38.172001,177.411301
3296,Ruapuke,,,-37.876598,174.814499
3320,Te Aroha,,,-37.539101,175.709793
4861,Waiouru,,,-39.475899,175.668594
7202,Grovetown,,,-41.476700,173.964905
0946,Orewa,,,-36.585602,174.694305
4475,Kairanga,,,-40.330700,175.520203
0651,Te Atatu,,,-36.842201,174.651505
9381,Glendhu,,,-44.766998,168.984406
4241,Otane,,,-39.896599,176.628693
4272,Ruataniwha,,,-39.918400,176.507797
7272,Renwick,,,-41.568199,173.853302
7884,Harihari,,,-43.135300,170.626205
9642,Tuatapere,,,-46.133202,167.689194
1641,Panmure,,,-36.907902,174.837997
3642,Waihi Beach,,,-37.411701,175.942398
7072,Lake Rotoroa,,,-41.861801,172.677994
9500,Roxburgh,,,-45.542099,169.287506
0442,Mangonui,,,-34.989601,173.536697
3295,Te Uku,,,-37.832100,174.979507
9844,Strathern,,,-46.427601,168.361206
0943,Whangaparaoa,,,-36.636600,174.748001
3044,Glenholme,,,-38.144798,176.237503
2121,Tuakau,,,-37.267399,174.939499
4349,Urenui,,,-38.997898,174.390701
4792,Erehwon,,,-39.545700,175.947693
5242,Onepoto,,,-41.108601,174.837997
5894,Tinui,,,-40.776798,176.083694
4352,Stratford,,,-39.339298,174.283005
4797,Ruahine,,,-39.806801,175.873596
0549,Ruawai,,,-36.136501,174.023300
0945,Red Beach,,,-36.605598,174.697800
1050,Remuera,,,-36.876801,174.804199
2471,Kopuku,,,-37.244499,175.164795
2584,Opaheke,,,-37.100300,175.001205
0940,Wellsford,,,-36.293800,174.523804
9600,Te Anau,,,-45.403301,167.719498
7052,Wakefield,,,-41.406200,173.042801
4395,Matau,,,-39.174702,174.600494
7863,Harihari,,,-43.149101,170.557205
4510,Waverley,,,-39.762798,174.631699
9082,Aramoana,,,-45.788700,170.671906
0751,Glenfield,,,-36.751301,174.713898
3485,Okoroire,,,-37.975800,175.867599
3980,Tatu,,,-38.898102,174.930603
9047,Saint Clair,,,-45.906200,170.487396
0972,Wayby,,,-36.300098,174.612701
3450,Leamington,,,-37.895000,175.471893
0622,Belmont,,,-36.800999,174.778000
5045,Petone,,,-41.225300,174.866196
0589,Huarau,,,-36.060101,174.316696
3500,Thames,,,-37.135502,175.545593
7402,Waikuku Beach,,,-43.283798,172.716202
7990,Sherwood Downs,,,-43.668598,170.923294
0182,Hukerenui,,,-35.496700,174.187897
4999,Woodville,,,-40.320499,175.834000
7647,Lincoln,,,-43.643002,172.469101
0782,Waitakere,,,-36.833302,174.522507
3373,Tahuna,,,-37.498901,175.454605
3640,Paeroa,,,-37.381001,175.671005
7471,West Eyreton,,,-43.355999,172.398499
9498,Kaingapai,,,-44.601299,170.547607
2473,Kaiaua,,,-37.122200,175.231598
4242,Waipukurau,,,-39.995399,176.556305
5026,Karehana Bay,,,-41.062901,174.870499
5783,Martinborough,,,-41.186699,175.432007
6146,Mount Victoria,,,-41.283798,174.776306
2153,Mangere,,,-36.970200,174.799301
9310,Cromwell,,,-45.042000,169.199097
7860,Ross,,,-42.898800,170.816696
7881,Kowhitirangi,,,-42.907001,171.137894
3792,Orini,,,-37.577702,175.269608
0814,West Harbour,,,-36.806099,174.599304
7284,Whakatahuri,,,-41.025101,174.082993
4992,Waione,,,-40.513302,176.253601
4149,Petane,,,-39.418999,176.866501
0370,Arapohue,,,-36.000401,174.019897
2103,Weymouth,,,-37.040798,174.875198
4674,Ararata,,,-39.528000,174.353302
6244,Strathmore Park,,,-41.333099,174.810303
3996,Okahukura,,,-38.802601,175.232895
9818,Halfmoon Bay (Oban),,,-46.987701,167.838196
4342,New Plymouth,,,-39.057201,174.074097
7892,Te Kuha,,,-41.894600,171.567795
7957,Cave,,,-44.310299,170.952301
4108,North Clyde,,,-39.027802,177.405396
3332,Wairakei,,,-38.619499,176.102997
5013,Muritai,,,-41.315399,174.885406
3410,Tirau,,,-37.987900,175.752396
4632,Raetihi,,,-39.428600,175.287796
6011,Mount Victoria,,,-41.282902,174.784195
7196,Ngatimoti,,,-41.212299,172.872604
7740,Hampstead,,,-43.903000,171.750305
4702,FEILDING,,,-40.217098,175.566299
5771,Kahutara,,,-41.171101,175.354904
5712,Greytown,,,-41.082401,175.459900
7120,Port Motueka,,,-41.118698,173.011902
7442,Waikari,,,-42.967201,172.685104
9495,Herbert,,,-45.207100,170.794998
9779,Balfour,,,-45.842602,168.526901
0820,Riverhead,,,-36.758202,174.589798
0982,Algies Bay,,,-36.440399,174.723495
4271,Patangata,,,-40.045700,176.752808
5882,Mauriceville,,,-40.787201,175.758408
6142,Mount Victoria,,,-41.290199,174.775696
0114,Waro,,,-35.590900,174.281494
3495,Leamington,,,-37.961498,175.449402
4645,Opunake,,,-39.453899,173.858505
7091,Brightwater,,,-41.431702,173.111099
9645,Ohai,,,-45.932598,167.956802
2571,Waikopua,,,-36.916199,174.991104
3062,Murupara,,,-38.456200,176.704102
5252,Paraparaumu Beach,,,-40.893902,174.981094
4710,Marton,,,-40.072399,175.379807
5012,Petone,,,-41.233799,174.875702
7616,Springston,,,-43.644402,172.422394
9522,Tapanui,,,-45.943401,169.259705
8971,Allandale,,,-43.643799,172.681396
7332,Waiau,,,-42.653301,173.046097
3434,Leamington,,,-37.886700,175.468994
8546,Belfast,,,-43.445400,172.632401
9242,Clydevale,,,-46.100601,169.527802
3983,Kopaki,,,-38.490501,175.209595
9342,Cromwell,,,-45.036999,169.197693
9393,Chatto Creek,,,-45.116600,169.480499
4041,Tamarau,,,-38.675098,178.044907
7949,Fairlie,,,-44.098400,170.829498
9630,Nightcaps,,,-45.970798,168.026398
9771,Conical Hills,,,-46.043499,169.220001
4052,Motu,,,-38.256901,177.547897
7182,Onekaka,,,-40.772800,172.737000
7810,Hokitika,,,-42.718300,170.965103
9386,Saint Bathans,,,-44.832298,169.864700
9412,Berwen,,,-44.471500,169.871902
7005,Mapua,,,-41.245602,173.095093
8011,Christchurch,,,-43.534100,172.636993
9877,Awarua Plains,,,-46.507198,168.405594
2243,Manurewa East,,,-37.022099,174.896606
3173,Oropi,,,-37.838600,176.170593
3145,Otumoetai,,,-37.668400,176.140503
7710,Rakaia,,,-43.754700,172.027206
1843,Ostend,,,-36.796001,175.046494
4817,Sanson,,,-40.218800,175.422806
5373,Homedale,,,-41.277000,175.060806
0593,Pahi,,,-36.196201,174.206696
1349,Epsom,,,-36.882301,174.761902
5883,Homewood,,,-41.215000,175.812897
9840,Richmond,,,-46.410900,168.351105
0146,Maungakaramea,,,-35.845100,174.204803
3987,Benneydale,,,-38.499298,175.511993
0950,Waiwera,,,-36.544701,174.705795
4049,Rangitukia,,,-37.796299,178.410706
3895,Moerangi,,,-37.950802,174.912399
5245,Whitby,,,-41.117802,174.893295
5543,Otaki,,,-40.762100,175.156006
1741,Panmure,,,-36.900501,174.855698
3421,Mangakino,,,-38.369598,175.773697
2240,Homai,,,-37.006802,174.875000
3491,Kinleith,,,-38.264400,175.912598
3878,Hauturu,,,-38.081100,174.975403
0758,Mairangi Bay,,,-36.739700,174.741898
0840,Helensville,,,-36.676399,174.450500
4174,Te Hauke,,,-39.735699,176.646301
4312,Fitzroy,,,-39.051998,174.119095
8972,Pigeon Bay,,,-43.658001,172.805405
9058,Dunedin,,,-45.872501,170.503601
8441,Hornby,,,-43.543201,172.525208
9291,Milburn,,,-46.051102,169.946701
4341,Fitzroy,,,-39.049999,174.101700
7812,Ross,,,-42.946098,170.814697
4547,Turakina South,,,-40.046700,175.213806
4783,Pakihikura,,,-39.922798,175.699997
6141,Mount Victoria,,,-41.294201,174.776306
7642,Southbridge,,,-43.811501,172.251602
7886,Mahitahi,,,-43.767300,169.381699
2141,East Tamaki,,,-36.931099,174.897095
3253,Newstead,,,-37.801701,175.322296
3542,Whitianga,,,-36.835800,175.704498
9874,Waianiwa,,,-46.277302,168.238693
0942,Snells Beach,,,-36.420399,174.723495
2697,Te Kohanga,,,-37.390900,174.871002
4093,Te Karaka,,,-38.481701,177.886795
6147,Karori,,,-41.285099,174.736801
7096,Motupiko,,,-41.444901,172.816605
0640,New Lynn,,,-36.907902,174.683105
1545,Panmure,,,-36.896099,174.832397
3475,Walton,,,-37.765598,175.659897
4470,Ashhurst,,,-40.290501,175.702896
5575,Koputaroa,,,-40.566601,175.321899
1351,Balmoral,,,-36.893002,174.736298
3147,Bethlehem,,,-37.695900,176.109406
3673,Tirohia,,,-37.419102,175.664795
7260,Kekerengu,,,-42.003300,174.010498
7446,Leithfield,,,-43.210499,172.753906
9346,Makarora,,,-44.231499,169.232193
3352,Taupo,,,-38.682800,176.070908
3382,Turangi,,,-39.028400,175.947098
4086,Whakaangiangi,,,-37.774899,178.354996
3148,Hairini,,,-37.716202,176.179306
3249,Te Rapa,,,-37.737999,175.253006
5024,Waitangirua,,,-41.130299,174.878693
8146,Saint Albans,,,-43.512699,172.621994
0632,Greenhithe,,,-36.744301,174.694702
7802,Runanga,,,-42.416901,171.258606
3225,Raglan,,,-37.810902,174.870895
3671,Netherton,,,-37.337399,175.585007
1142,Newton,,,-36.847801,174.757706
4774,Apiti,,,-39.933601,175.857498
5574,Waitarere,,,-40.558399,175.238800
9793,Kingston,,,-45.396702,168.672302
3163,Taneatua,,,-38.065300,177.003403
4373,Lepperton,,,-39.048698,174.219696
9710,East Gore,,,-46.099701,168.935699
9883,Gummies Bush,,,-46.268902,168.031601
4592,Mangawhio,,,-39.720100,174.724503
3186,Ohinepanea,,,-37.891499,176.470398
4794,Utiku,,,-39.755699,175.894196
1840,Oneroa,,,-36.783401,175.010498
4379,Uruti,,,-38.941502,174.549698
9230,Balclutha,,,-46.238800,169.737198
4350,Mokau,,,-38.699100,174.621002
4295,Elsthorpe,,,-39.872898,176.872101
4785,Poukiore,,,-39.846699,175.633499
7244,Spring Creek,,,-41.461102,173.961807
3972,Maihiihi,,,-38.222698,175.355103
3150,Mount Maunganui,,,-37.638100,176.183594
4520,White Tank,,,-39.758400,174.469498
4987,Konini,,,-40.522099,175.783493
9893,Kamahi,,,-46.364399,168.710800
0614,Swanson,,,-36.854599,174.583893
3083,Tahorakui,,,-38.480499,176.226303
2676,Paerata,,,-37.173500,174.891296
3073,Waimangu,,,-38.290401,176.473099
9384,Gibbston,,,-45.046398,169.065506
2149,Whitford,,,-36.945499,174.964996
7175,Braeburn,,,-41.215302,172.986801
7495,Oxford,,,-43.210098,172.177902
3442,Tirau,,,-37.978100,175.756805
4394,Tuna,,,-39.279701,174.297302
3541,Ngatea,,,-37.276299,175.497101
4164,Tuai,,,-38.819401,177.143906
5872,Riversdale Beach,,,-41.060200,176.040207
2025,Wiri,,,-36.991501,174.846603
9282,Wangaloa,,,-46.284401,169.917694
9742,Lumsden,,,-45.739201,168.441498
8025,Halswell,,,-43.588402,172.578995
9443,Palmerston,,,-45.485401,170.714600
0476,Umawera,,,-35.238499,173.626404
4771,Umutoi,,,-39.998901,175.945206
9491,Tokarahi,,,-45.016998,170.648697
2683,Waipipi,,,-37.228802,174.666397
4849,Foxton Beach,,,-40.468300,175.238205
9847,Riverton,,,-46.352200,168.013596
0200,Opua,,,-35.307301,174.097504
4293,Porangahau,,,-40.350101,176.620697
4945,Woodville,,,-40.337799,175.868896
5140,Kingsley Heights,,,-41.124001,175.073700
6022,Miramar,,,-41.315498,174.816605
9679,Te Anau,,,-45.035301,167.513306
2679,Waiau Pa,,,-37.139400,174.789307
4094,Whatatutu,,,-38.306599,177.800507
4991,Aohanga,,,-40.612598,176.328293
9773,Wendon Valley,,,-45.908298,168.926300
3141,Tauranga,,,-37.685001,176.168198
3611,Waihi Beach,,,-37.403900,175.943207
4171,Blackburn,,,-39.886501,176.292007
7743,Rakaia,,,-43.755100,172.020706
9730,Lumsden,,,-45.739101,168.446198
9872,Mabel Bush,,,-46.261600,168.539505
1345,Royal Oak,,,-36.911701,174.776306
3188,Ngawaro,,,-37.895699,176.191895
5510,Levin,,,-40.596298,175.251099
5842,Masterton,,,-40.958099,175.648697
7840,Cobden,,,-42.449100,171.210693
9013,Ocean Grove,,,-45.896198,170.536804
4793,Ohotu,,,-39.678501,175.933395
7865,Charleston,,,-41.907299,171.438095
7991,Te Moana,,,-44.060101,171.108002
8442,Upper Riccarton,,,-43.531799,172.572296
2696,Opuatia,,,-37.355598,175.001602
3988,Owhiro,,,-38.201698,174.897903
9689,Ngaro,,,-45.900398,167.967499
2016,East Tamaki,,,-36.964699,174.924103
3010,Ohinemutu,,,-38.117802,176.251404
3079,Ruatahuna,,,-38.556702,176.889206
9843,Waikiwi,,,-46.377201,168.347107
0992,Silverdale,,,-36.599201,174.661896
1051,Ellerslie,,,-36.891701,174.807098
0661,Te Atatu Peninsula,,,-36.810699,174.644608
1543,Greenlane,,,-36.882301,174.784897
3574,Turua,,,-37.226898,175.553497
0475,Marangai,,,-35.327801,173.698700
7240,Witherlea,,,-41.513699,173.957306
9392,Fruitlands,,,-45.378799,169.376495
4278,Blackburn,,,-39.870098,176.305405
3260,Matangi,,,-37.804298,175.395004
3710,Te Kauwhata,,,-37.403900,175.146606
4197,Raupunga,,,-39.063000,177.242203
4682,Waiteika,,,-39.456402,173.936401
3144,Tauranga,,,-37.698200,176.159698
4183,Taradale,,,-39.543900,176.817596
3793,Waingaro,,,-37.708801,174.980301
9348,Queenstown,,,-45.031898,168.662201
3112,Hairini,,,-37.727299,176.153793
5742,Greytown,,,-41.080200,175.460297
7657,Dunsandel,,,-43.659100,172.196396
3540,Thames,,,-37.139000,175.542007
9231,Stirling,,,-46.248901,169.776093
9641,Otautau,,,-46.143501,167.997406
0600,Blockhouse Bay,,,-36.915798,174.692093
9597,Rocklands,,,-45.595299,170.003403
5047,Eastbourne,,,-41.290600,174.898499
5773,Cross Creek,,,-41.234600,175.204300
7730,Methven,,,-43.632301,171.643707
4578,Ahuiti,,,-39.657700,175.002106
1352,Mount Eden,,,-36.872398,174.744003
0947,Leigh,,,-36.290501,174.804703
7051,Brightwater,,,-41.376499,173.110107
0172,Parakao,,,-35.703899,173.935303
9241,Milton,,,-46.122501,169.957703
9302,Arrowtown,,,-44.944599,168.830002
4822,Tangimoana,,,-40.292900,175.256393
6145,Kelburn,,,-41.279800,174.776093
7420,Waikari,,,-42.967300,172.692001
7510,Darfield,,,-43.485901,172.115402
4781,Silverhope,,,-39.908901,175.438705
4810,Ashhurst,,,-40.292702,175.756500
1443,Lynfield,,,-36.926201,174.723099
7391,Rotherham,,,-42.759998,172.954803
3578,Nevesville,,,-37.195900,175.665894
4179,Puketitiri,,,-39.338200,176.356201
8543,Harewood,,,-43.488998,172.587204
0377,Baylys Beach,,,-35.951500,173.781799
3943,Hangatiki,,,-38.252102,175.178696
3049,Mamaku,,,-38.095299,176.076797
4678,Kaupokonui,,,-39.513901,174.078995
7041,Stoke,,,-41.314602,173.232803
7977,Waihaorunga,,,-44.732399,170.838806
0341,Te Kopura,,,-36.030899,173.923004
0483,Lake Ohia,,,-34.959301,173.359497
0746,Birkenhead,,,-36.812302,174.725403
1072,Tamaki,,,-36.887299,174.852798
3072,Tarukenga,,,-38.062000,176.125793
0246,Waipapa,,,-35.206001,173.916702
9591,Beaumont,,,-45.789799,169.618393
3154,Omokoroa Beach,,,-37.632599,176.052307
3482,Ngatira,,,-38.127499,175.819504
4146,Pirimai,,,-39.508099,176.886795
4986,Haunui,,,-40.592602,175.957993
6241,Rongotai,,,-41.319401,174.794296
0653,Swanson,,,-36.865501,174.580002
4343,Frankleigh Park,,,-39.070801,174.062805
5010,Avalon,,,-41.197102,174.919800
1542,Ellerslie,,,-36.897999,174.809204
2677,Pukekohe East,,,-37.216000,174.933304
3081,Tahorakui,,,-38.635300,176.442200
3742,Ngaruawahia,,,-37.665901,175.148193
4990,Waimiro,,,-40.478699,176.154099
0981,Woodcocks,,,-36.424301,174.597900
7942,Parkside,,,-44.390598,171.244507
9444,Oamaru,,,-45.097599,170.970093
4591,Nukuhau,,,-39.641800,174.631607
8941,Diamond Harbour,,,-43.625198,172.740204
3162,Opotiki,,,-38.005699,177.284698
9041,Opoho,,,-45.855000,170.519196
9400,Oamaru,,,-45.092800,170.978500
3544,Tairua,,,-37.001999,175.848206
3920,Taumarunui,,,-38.876499,175.272903
4443,West End,,,-40.362202,175.598404
4745,Hunterville,,,-39.937099,175.568497
9330,Clyde,,,-45.190701,169.323700
4157,Havelock North,,,-39.669399,176.878296
4286,Ashley Clinton,,,-39.948799,176.269897
6035,Khandallah,,,-41.246601,174.794205
3875,Te Mawhai,,,-38.040501,175.289993
7246,Tuamarina,,,-41.430099,173.963196
7640,Lincoln,,,-43.640499,172.484100
0652,Te Atatu South,,,-36.865002,174.646301
3977,Hangatiki,,,-38.234200,175.149399
7691,Flaxton,,,-43.354698,172.647705
0910,Warkworth,,,-36.401798,174.662598
4795,Waiouru Military Camp,,,-39.471001,175.802902
5512,Otaki,,,-40.740200,175.140396
0881,Woodhill,,,-36.782902,174.426193
9300,Frankton,,,-45.037899,168.687897
0310,Dargaville,,,-35.954201,173.878494
0486,Waiharera,,,-34.975700,173.217896
4446,Hokowhitu,,,-40.363201,175.633698
7746,Mount Somers,,,-43.705799,171.401993
9387,Moa Creek,,,-45.240799,169.757599
9743,Waikaka,,,-45.921501,169.014496
2247,Drury,,,-37.102299,174.951401
3244,Hamilton,,,-37.785198,175.280197
3441,Waharoa,,,-37.759102,175.752502
3947,Ohura,,,-38.841801,174.982697
4979,Waione,,,-40.436401,176.300995
0149,Riverside,,,-35.724701,174.325897
4414,Kelvin Grove,,,-40.332600,175.630005
9587,Park Hill,,,-45.737801,169.234695
3800,Te Awamutu,,,-38.019501,175.330505
3880,Pukeatua,,,-38.101601,175.579605
4440,Hokowhitu,,,-40.358101,175.610703
7672,Motukarara,,,-43.701302,172.622192
7842,Hokitika,,,-42.717201,170.961395
0660,Waitakere,,,-36.849201,174.544693
0841,Huapai,,,-36.775398,174.554794
4243,Takapau,,,-40.028198,176.348404
7978,Waimate,,,-44.694500,171.010101
9044,Saint Kilda,,,-45.894402,170.499405
9546,Owaka,,,-46.451099,169.658295
0545,Waipu,,,-35.984200,174.445297
4144,Ahuriri,,,-39.480900,176.898102
0505,Mangawhai Heads,,,-36.085800,174.584198
0977,Wharehine,,,-36.356098,174.322495
3240,Hamilton West,,,-37.784901,175.276001
4104,Petane,,,-39.418499,176.876495
4541,Wanganui,,,-39.929501,175.046600
4867,Bunnythorpe,,,-40.282501,175.631104
0142,Sherwood Rise,,,-35.754601,174.368103
0443,Rawene,,,-35.393200,173.505707
9535,Owaka,,,-46.452400,169.659195
7197,Sandy Bay,,,-41.017200,172.984802
7745,Methven,,,-43.633202,171.646805
4943,Norsewood,,,-40.069401,176.216293
9040,Maryhill,,,-45.881001,170.479599
4347,Inglewood,,,-39.156799,174.207199
4160,Wairoa,,,-39.033298,177.419006
4292,Porangahau,,,-40.362301,176.553299
9210,Kaitangata,,,-46.279900,169.840897
3575,Tapu,,,-36.985600,175.492203
7192,Tinline,,,-41.275501,173.524597
7541,Darfield,,,-43.489799,172.110596
7548,Doyleston,,,-43.748001,172.327606
9672,The Key,,,-45.320702,168.096207
9846,Half-moon Bay,,,-46.899200,168.129196
9849,Wyndham,,,-46.332199,168.847702
0747,Marlborough,,,-36.782001,174.721603
3159,Poroporo,,,-37.962101,176.981903
7343,Waiau,,,-42.655499,173.039597
3167,Te Teko,,,-38.036201,176.797607
4077,Tolaga Bay,,,-38.280899,178.152100
4788,Marton,,,-40.007900,175.364197
7862,Maruia,,,-42.188499,172.220398
2245,Takanini,,,-37.039200,174.919800
9050,Port Chalmers,,,-45.815701,170.621796
9596,Ngapuna,,,-45.441700,170.150101
4581,Turakina,,,-40.008400,175.232697
4588,Tawhiwhi,,,-39.622799,174.850296
4597,Matukuroa,,,-39.703800,174.540894
4200,Waipukurau,,,-39.997299,176.559097
9372,Glenorchy,,,-44.796799,168.369293
4120,HASTINGS,,,-39.627899,176.813705
9350,Glenorchy,,,-44.849800,168.384094
8444,Ilam,,,-43.516701,172.571793
7049,Murchison,,,-41.800301,172.325699
7447,Waipara,,,-43.059799,172.755798
7803,Rewanui,,,-42.388802,171.296402
7856,Franz Josef/Waiau,,,-43.388802,170.182007
9085,Mount Cargill,,,-45.789398,170.541107
9448,Omarama,,,-44.488300,169.966003
2104,Wiri,,,-37.001099,174.867203
3873,Te Kawa,,,-38.138000,175.353500
4079,Tokomaru,,,-38.120701,178.123596
2013,East Tamaki,,,-36.937302,174.893494
4780,Rewa,,,-39.991501,175.631500
3257,Claudelands,,,-37.765099,175.253403
4640,Hawera,,,-39.590000,174.283707
3378,Waipahihi,,,-38.704102,176.135498
4087,Te Araroa,,,-37.665298,178.322906
4641,Manaia,,,-39.551498,174.125000
9871,Woodlands,,,-46.386700,168.551102
0610,Te Atatu South,,,-36.853100,174.646606
2440,Pokeno,,,-37.245701,175.021500
4544,Waverley,,,-39.763699,174.634293
3978,Mahoenui,,,-38.553200,174.852600
5014,Wainuiomata,,,-41.263401,174.948303
5381,Pukerua Bay,,,-41.052101,174.969498
8144,Christchurch,,,-43.524101,172.630707
8540,Fendalton,,,-43.517700,172.588394
1446,Mount Eden,,,-36.880100,174.749496
7581,Akaroa,,,-43.804100,172.981506
0294,Purerua,,,-35.157799,174.022507
4740,FEILDING,,,-40.226700,175.565399
5044,Naenae,,,-41.198799,174.935806
5542,Otaki,,,-40.752602,175.138901
7632,Leeston,,,-43.761200,172.297699
8240,Sydenham,,,-43.545200,172.636505
7671,Aylesbury,,,-43.541901,172.213104
0984,Ahuroa,,,-36.500999,174.530701
4245,Porangahau,,,-40.302399,176.610107
0583,Marohemo,,,-36.164101,174.289200
1642,Mount Wellington,,,-36.909698,174.814499
3440,Matamata,,,-37.811100,175.772507
4387,Tarata,,,-39.154999,174.379593
0643,Green Bay,,,-36.930599,174.680099
1350,Owairaka,,,-36.884899,174.714996
9879,Otatara,,,-46.430801,168.242905
3183,Upper Papamoa,,,-37.810299,176.266602
4130,Havelock North,,,-39.680599,176.886703
3164,Waimana,,,-38.143101,177.076706
4042,Te Karaka,,,-38.469501,177.863800
5042,Lower Hutt,,,-41.214802,174.921997
5890,Tauweru,,,-41.072201,175.867493
7379,Waiau,,,-42.692600,173.030304
3285,Aramiro,,,-37.904900,175.082901
8140,Christchurch,,,-43.531898,172.631607
9492,Kauru Hill,,,-45.110100,170.725098
0541,Mangawhai Heads,,,-36.094601,174.587402
0920,Leigh,,,-36.307999,174.914795
3974,Te Kawa,,,-38.144402,175.271698
0571,Mareretu,,,-36.053001,174.254700
0650,Sunnyvale,,,-36.881001,174.634705
7250,Picton,,,-41.291302,174.007004
8148,Avonside,,,-43.517700,172.655899
9620,Tuatapere,,,-46.132702,167.676605
2684,Pollok,,,-37.118698,174.616104
5032,Paraparaumu Beach,,,-40.894798,174.969498
4277,Patangata,,,-39.881699,176.707504
4397,Tahora,,,-38.973000,174.778397
9447,Otematata,,,-44.606300,170.192902
9831,Wyndham,,,-46.330399,168.843796
5784,Hinakura,,,-41.310902,175.628601
7282,Manaroa,,,-41.139198,174.059906
3973,Honikiwi,,,-38.130501,175.101196
7804,Roa,,,-42.382000,171.371994
7832,Kumara,,,-42.621700,171.172501
7864,Market Cross,,,-41.251400,172.128403
1841,Onetangi,,,-36.792000,175.079803
8243,Spreydon,,,-43.545700,172.608505
3391,Manawaru,,,-37.640701,175.796204
7384,Hawkeswood,,,-42.650501,173.338699
8014,Saint Albans,,,-43.513599,172.620499
8024,Spreydon,,,-43.556499,172.602402
7674,Springston South,,,-43.704601,172.464294
0663,Massey East,,,-36.818501,174.629196
2344,Patumahoe,,,-37.187099,174.828995
7572,Lake Coleridge,,,-43.286800,171.606903
1042,Hillsborough,,,-36.921299,174.739304
3546,Pauanui,,,-37.020599,175.858704
9792,Mossburn,,,-45.697300,168.203598
3119,Te Puke,,,-37.777500,176.326706
9750,Garston,,,-45.466999,168.683807
4410,Summerhill,,,-40.369099,175.628799
4972,Kiritaki,,,-40.239799,176.005997
7986,Orton,,,-44.169399,171.386597
3484,Tirau,,,-37.959202,175.720795
3582,Te Rerenga,,,-36.753300,175.614105
1546,Ellerslie,,,-36.895000,174.800095
3152,Omanu Beach,,,-37.675999,176.223007
0150,Hikurangi,,,-35.597900,174.286301
0983,Pohuehue,,,-36.470901,174.657303
7811,Kaniere,,,-42.741600,171.012695
3401,Waharoa,,,-37.758999,175.749100
3945,Mahoenui,,,-38.578400,174.840302
2241,Wiri,,,-36.992001,174.881500
7500,Sheffield,,,-43.389500,172.020203
9073,Berwick,,,-45.955601,170.090302
0170,Puwera,,,-35.776199,174.268005
0641,Glen Eden,,,-36.911800,174.651993
9341,Clyde,,,-45.187000,169.316895
3142,Greerton,,,-37.726700,176.133194
7643,Rolleston,,,-43.592701,172.375900
0282,Karetu,,,-35.375000,174.136398
4944,Pongaroa,,,-40.542599,176.190598
7774,Flemington,,,-44.019600,171.709305
9396,Naseby,,,-44.905201,170.177795
0143,Morningside,,,-35.734299,174.305405
0272,Manawaora,,,-35.284401,174.175903
4884,Pohangina,,,-40.138199,175.866394
7173,Mahana,,,-41.237499,173.031799
7930,Geraldine,,,-44.093399,171.242004
9023,Sawyers Bay,,,-45.818501,170.608398
3171,Lower Kaimai,,,-37.809700,176.024994
4548,Ratana,,,-40.039398,175.175598
4973,Waipatiki,,,-40.255402,176.290100
7999,Glentanner,,,-43.978100,170.168198
1744,Mission Bay,,,-36.849300,174.828796
3986,Te Kuiti,,,-38.292301,175.196106
4571,Brunswick,,,-39.819302,175.020493
7045,Nelson,,,-41.283298,173.277206
9891,Glenham,,,-46.430801,168.878403
3992,Hikumutu,,,-38.943199,175.268402
4441,Terrace End,,,-40.347599,175.627701
7883,Kowhitirangi,,,-42.886002,170.915207
4147,Tamatea,,,-39.510601,176.869598
7220,Picton,,,-41.293301,174.019196
2345,Waiau Pa,,,-37.149502,174.764694
9398,Paerau,,,-45.357800,169.917603
0800,Helensville,,,-36.676498,174.452698
3015,Sunnybrook,,,-38.148300,176.206696
9024,Mosgiel,,,-45.883900,170.355194
3579,Hikuai,,,-37.086498,175.812500
4163,Frasertown,,,-38.966599,177.410202
4679,Riverlea,,,-39.425598,174.087906
0657,West Harbour,,,-36.822201,174.610504
4083,Pakihiroa,,,-37.843201,178.164993
0550,Matakohe,,,-36.129799,174.182495
2024,Mangere East,,,-36.955898,174.818405
3420,Tokoroa,,,-38.222900,175.868500
8241,Woolston,,,-43.549801,172.684204
7772,Mitcham,,,-43.796600,171.859299
3989,Oio,,,-39.077499,175.480499
3993,Kirikau,,,-39.020401,175.175095
9745,Waikaia,,,-45.724899,168.848404
0210,Kawakawa,,,-35.383801,174.066803
2012,Eastern Beach,,,-36.871399,174.897903
6023,Owhiro Bay,,,-41.337502,174.750595
3592,Coroglen,,,-36.931702,175.657196
3620,Whangamata,,,-37.197399,175.869003
5840,Masterton,,,-40.949699,175.661407
9062,Outram,,,-45.856602,170.231201
9586,Puketiro,,,-46.486401,169.447998
4598,Hurleyville,,,-39.633099,174.485794
4994,Eketahuna,,,-40.663399,175.672607
4335,Okato,,,-39.193600,173.877701
4389,Waiongona,,,-39.119400,174.233505
7150,Havelock,,,-41.278599,173.766998
7649,Springfield,,,-43.337101,171.927200
0510,Waipu,,,-35.982201,174.450806
0754,Mairangi Bay,,,-36.738400,174.753403
9347,Tarras,,,-44.837601,169.411697
4582,Okoia,,,-39.911800,175.167892
7040,Nelson East,,,-41.271000,173.283707
8245,Halswell,,,-43.580200,172.567001
9376,Matakanui,,,-45.007099,169.541595
2102,Manurewa,,,-37.023399,174.885605
3214,Hamilton,,,-37.770901,175.298492
4789,Marton,,,-40.099602,175.309799
8083,Ouruhia,,,-43.449200,172.687500
0993,Red Beach,,,-36.637299,174.692993
3474,Waharoa,,,-37.727200,175.751495
3584,Colville,,,-36.606098,175.453201
7383,Domett,,,-42.884998,173.227600
7912,Pareora,,,-44.487499,171.209702
9740,East Gore,,,-46.100101,168.944794
3122,Opotiki,,,-38.013802,177.278793
3330,Wharewaka,,,-38.703701,176.058899
7281,Waikawa,,,-41.228600,174.082397
4671,Okaiawa,,,-39.553398,174.194901
4685,Parihaka Pa,,,-39.289501,173.824997
7771,Staveley,,,-43.507801,171.176300
0245,Kerikeri,,,-35.228901,173.948700
0975,Topuni,,,-36.189499,174.525208
4625,Ohakune,,,-39.410301,175.403107
4672,Meremere,,,-39.567299,174.389404
9472,Waikouaiti,,,-45.552101,170.645996
4284,Wallingford,,,-40.150902,176.655197
4983,Ballance,,,-40.398399,175.766998
4344,Moturoa,,,-39.062801,174.045197
8041,Fendalton,,,-43.522499,172.581299
9344,Albert Town,,,-44.682598,169.188599
0293,Puketona,,,-35.262100,173.972397
3483,Putaruru,,,-38.047401,175.828903
3110,Omanu Beach,,,-37.668598,176.266403
3545,Turua,,,-37.237801,175.566406
3581,Ahimia,,,-36.813400,175.484406
4988,Mangamaire,,,-40.508598,175.696701
7848,Waimangaroa,,,-41.714001,171.762894
0445,Opononi,,,-35.504601,173.392395
1746,New Windsor,,,-36.897499,174.697296
7542,Akaroa,,,-43.805302,172.966797
0543,Paparoa,,,-36.103001,174.231506
4940,Eketahuna,,,-40.645401,175.703094
4742,Taihape,,,-39.677299,175.798203
4825,Waiouru Military Camp,,,-39.400902,175.679794
3508,Tairua,,,-36.997700,175.848007
3510,Whitianga,,,-36.817001,175.691299
4818,Bulls,,,-40.177502,175.386307
0460,Pukenui,,,-34.814899,173.117905
3591,Coroglen,,,-36.895901,175.714401
4388,Te Tawa,,,-39.179001,174.244598
4391,Dawson Falls,,,-39.321602,174.139893
7095,Hiwipango,,,-41.522202,172.952698
0645,Glendene,,,-36.886902,174.644608
3353,Turangi,,,-38.988701,175.808701
3300,Morrinsville,,,-37.652100,175.529297
8022,Cashmere Hills,,,-43.583099,172.664398
4612,Manaia,,,-39.551201,174.125107
8542,Papanui,,,-43.495201,172.608795
8242,Beckenham,,,-43.557899,172.636597
1041,Mount Roskill,,,-36.912498,174.733505
1348,Avondale,,,-36.887798,174.684494
3597,Ngatea,,,-37.292599,175.467300
4741,Marton,,,-40.066799,175.378693
7472,North Loburn,,,-43.156101,172.543793
0941,Warkworth,,,-36.397800,174.663895
3283,Tamahere,,,-37.851398,175.386505
3995,Matiere,,,-38.746899,175.098694
4549,Waitotara,,,-39.806900,174.733994
9067,Middlemarch,,,-45.507000,170.119003
0145,Kensington,,,-35.708500,174.320694
3252,Claudelands,,,-37.772301,175.293396
5372,Kaitoke,,,-41.051899,175.166504
7198,Kairuru,,,-41.030300,172.935104
7644,Kaiapoi,,,-43.382500,172.658798
7920,Temuka,,,-44.237499,171.285202
2157,Wiri,,,-36.980499,174.876694
3445,Mangakino,,,-38.370399,175.774002
0951,Puhoi,,,-36.512100,174.660995
7053,Saint Arnaud,,,-41.802502,172.846207
3700,Starrtown,,,-37.559601,175.158295
3894,Te Papatapu,,,-37.957699,174.838593
4575,Upokonui,,,-39.791801,175.186493
4786,Rewa,,,-39.956001,175.605194
7742,Allenton,,,-43.887402,171.742706
9782,Otapiri Gorge,,,-46.072601,168.466797
1745,Orakei,,,-36.855999,174.814697
3400,Matamata,,,-37.815201,175.783203
9841,Glengarry,,,-46.398201,168.365799
2140,Pakuranga,,,-36.912102,174.870804
4900,Eketahuna,,,-40.649700,175.702301
9014,Broad Bay,,,-45.844700,170.621399
0573,Kaiwaka,,,-36.188099,174.429001
0620,Forrest Hill,,,-36.766102,174.754807
3496,Whitehall,,,-37.854099,175.566605
0448,Kaeo,,,-35.100601,173.780502
3172,Omokoroa Beach,,,-37.588600,176.067505
4573,Kakatahi,,,-39.674000,175.251297
4744,Kimbolton,,,-40.057400,175.779404
7943,Kensington,,,-44.405300,171.234406
3494,Pukeatua,,,-37.994400,175.580399
4383,Tikorangi,,,-39.050701,174.306702
7580,Craigieburn,,,-43.131500,171.827301
9441,Roxburgh,,,-45.540901,169.315308
9747,Mossburn,,,-45.669800,168.238907
9812,Tisbury,,,-46.438202,168.376404
3492,Mangakino,,,-38.506699,175.695999
7043,Port Nelson,,,-41.264999,173.277405
4294,Waimarama,,,-39.771400,176.960205
7543,Kirwee,,,-43.500900,172.216797
7867,Hector,,,-41.606701,171.877899
7891,Mokihinui Mine,,,-41.551399,172.040604
9783,South Hillend,,,-45.993198,168.199097
0374,Arapohue,,,-35.967300,173.991592
3182,Te Puke,,,-37.846401,176.289505
7846,Ikamatua,,,-42.271198,171.684906
0781,Piha,,,-36.898102,174.485504
4681,Oaonui,,,-39.386101,173.880402
9445,Duntroon,,,-44.853802,170.681702
9593,Waitahuna,,,-45.980499,169.725693
7895,Crushington,,,-42.105301,172.027206
8042,Hei Hei,,,-43.529400,172.517395
0627,North Shore,,,-36.798000,174.746201
8643,Aranui,,,-43.517799,172.700500
1340,Wesley,,,-36.900398,174.720001
4291,Porangahau,,,-40.308601,176.516403
7692,Wetheral,,,-43.394798,172.576202
7243,Renwick,,,-41.507702,173.827606
7676,Templeton,,,-43.552399,172.443695
7443,Oxford,,,-43.297699,172.194000
9744,Riversdale,,,-45.902100,168.742599
3672,Netherton,,,-37.371498,175.615707
4141,Taradale,,,-39.535702,176.848694
0372,Kairara,,,-35.819401,173.858505
3266,Te Uku,,,-37.828899,174.957001
4010,Kaiti,,,-38.667301,178.028595
7948,Temuka,,,-44.243999,171.277298
0371,Redhill,,,-36.052299,173.860306
0612,McLaren Park,,,-36.898899,174.591797
5250,Waikanae,,,-40.876701,175.064194
1141,Newmarket,,,-36.850700,174.763199
2159,Otara,,,-36.961102,174.873199
9081,Mihiwaka,,,-45.773399,170.641205
9281,Kaitangata,,,-46.271099,169.816101
9304,Lower Shotover,,,-45.001999,168.792801
5710,Featherston,,,-41.116901,175.293701
9018,Sunnyvale,,,-45.900398,170.425903
4995,Nireaha,,,-40.586300,175.643600
5049,Homedale,,,-41.272499,174.954605
7851,Reefton,,,-42.119400,171.864807
1742,Meadowbank,,,-36.875702,174.827698
4345,Oakura,,,-39.115700,173.957397
7791,Lake Coleridge,,,-43.386398,171.332001
7823,Granity,,,-41.630199,171.850204
9076,Wingatui,,,-45.890400,170.389404
0211,Moerewa,,,-35.386700,174.024902
0655,Swanson,,,-36.863899,174.601105
7885,Fergusons,,,-43.065800,170.844193
9011,Mornington,,,-45.879200,170.472000
7247,Seddon,,,-41.673500,174.076096
8840,Sumner,,,-43.569000,172.759293
0873,Parakakau,,,-36.561100,174.584106
4184,Puketitiri,,,-39.305099,176.591599
7381,Spotswood,,,-42.777401,173.288300
8023,Hillsborough,,,-43.555901,172.668900
2144,Eastern Beach,,,-36.868099,174.904007
4993,Tane,,,-40.578499,175.791000
7445,Sefton,,,-43.248600,172.668304
7571,Hawkins,,,-43.471699,172.070602
7972,Southburn,,,-44.457500,171.053207
2142,East Tamaki,,,-36.932201,174.912201
6144,Kaiwharawhara,,,-41.275902,174.778000
2113,Papakura,,,-37.087399,174.940903
4576,Matahiwi,,,-39.625099,175.117493
5022,Elsdon,,,-41.124500,174.819794
7100,Havelock,,,-41.281799,173.757401
2578,Ramarama,,,-37.131302,174.934998
3290,Temple View,,,-37.846100,175.194199
4545,White Tank,,,-39.756001,174.473694
0494,Paraoanui,,,-35.008801,173.621002
4112,Puk-kura,,,-39.526798,176.851105
4091,Ahititi,,,-38.365002,177.963806
4673,Te Roti,,,-39.485600,174.292404
0340,Dargaville,,,-35.941299,173.869705
3288,Te Kowhai,,,-37.735500,175.173996
7340,Kaikoura Suburban,,,-42.389099,173.663696
4182,Te Pohue,,,-39.186901,176.671600
4274,Tikokino,,,-39.768299,176.392502
3218,Temple View,,,-37.819801,175.228195
3803,Ohaupo,,,-37.917801,175.306595
7979,Waihao Forks,,,-44.828098,170.990601
4191,Raupunga,,,-38.982300,177.223801
7614,Rolleston,,,-43.601299,172.376999
1062,OTAHUHU,,,-36.941002,174.848297
4143,Napier South,,,-39.500198,176.903107
8051,Harewood,,,-43.461102,172.524704
0642,Titirangi,,,-36.937801,174.657501
4092,Otoko,,,-38.338902,177.631607
4471,Aokautere,,,-40.362598,175.713501
7195,Tira-ora,,,-41.127201,173.820602
7248,Ward,,,-41.829300,174.130798
1144,Freemans Bay,,,-36.848099,174.743698
7300,Waioruarangi,,,-42.406601,173.688904
3886,Owhiro,,,-38.153000,174.909805
8061,Aranui,,,-43.507900,172.702103
3681,Waihi,,,-37.371399,175.879807
4140,Onekawa,,,-39.490898,176.918198
0379,Whatoro,,,-35.755501,173.672897
7992,Arundel,,,-44.018398,171.277603
4796,Taihape,,,-39.718899,175.710693
9712,Mataura,,,-46.190201,168.867294
4393,Huinga,,,-39.374599,174.367096
4998,Papatawa,,,-40.285500,175.910797
2342,Tuakau,,,-37.257999,174.946594
4864,Tokomaru,,,-40.474499,175.509705
0462,Broadwood,,,-35.259201,173.389603
5782,Waipawa,,,-41.432201,175.509201
4381,Okato,,,-39.222698,173.877502
7844,Haast,,,-43.862000,169.003494
7958,Winchester,,,-44.185101,171.278198
4273,Argyll East,,,-39.867199,176.505493
4283,Ruataniwha,,,-39.951900,176.476105
5570,Ohau,,,-40.676601,175.261902
3971,Waitanguru,,,-38.401901,174.906601
4775,Colyton,,,-40.213001,175.633896
0474,Tautoro,,,-35.507099,173.814407
4102,Haumoana,,,-39.612999,176.945099
7520,Akaroa,,,-43.812599,172.963196
7784,Somerton,,,-43.730099,171.908096
3169,Kawerau,,,-38.086700,176.701202
9884,Niagara,,,-46.585098,169.099899
3262,Horotiu,,,-37.694099,175.190002
9220,Milton,,,-46.122398,169.970398
3189,Paengaroa,,,-37.846401,176.412994
4448,Summerhill,,,-40.387402,175.639297
9045,Caversham,,,-45.896400,170.480606
2579,Ararimu,,,-37.143501,175.019104
6243,Miramar,,,-41.316002,174.815903
7395,Hanmer Springs,,,-42.403801,172.861206
7882,Goldsborough,,,-42.685200,171.112701
1071,Kohimarama,,,-36.856499,174.848206
4444,Terrace End,,,-40.355499,175.612305
7602,Southbridge,,,-43.804001,172.241592
0624,Devonport,,,-36.823601,174.791794
5571,Levin,,,-40.620998,175.300400
7982,Hazelburn,,,-44.215099,170.998596
9371,Upper Shotover,,,-44.841400,168.716705
3178,Katikati,,,-37.582600,175.864594
0604,Huia,,,-36.980801,174.582703
4332,Stratford,,,-39.337700,174.280197
4814,Foxton,,,-40.470798,175.287399
7050,Richmond,,,-41.338501,173.184799
0492,Panguru,,,-35.419701,173.362305
7194,Rai Valley,,,-41.174198,173.632904
7778,Mayfield,,,-43.800301,171.425201
0178,Maungakaramea,,,-35.852001,174.223602
1640,Otahuhu,,,-36.944401,174.844101
7673,Whitecliffs,,,-43.460300,171.882507
3076,Punaroma,,,-38.180901,176.362000
3077,Guthrie,,,-38.320099,176.223907
7360,Hanmer Springs,,,-42.521301,172.829407
7410,Amberley,,,-43.145100,172.738205
9022,Maia,,,-45.853401,170.562607
9825,Edendale,,,-46.308399,168.793793
4048,Te Puia,,,-38.055801,178.306503
7010,Nelson East,,,-41.288101,173.335693
7048,Mapua,,,-41.253201,173.095795
9054,Dunedin,,,-45.877701,170.501801
0644,Blockhouse Bay,,,-36.923401,174.701508
4378,Okau,,,-38.910500,174.684692
3216,Hamilton East,,,-37.796101,175.308807
4165,Nuhaka,,,-39.042500,177.740295
7142,Takaka,,,-40.859501,172.805893
0974,Te Hana,,,-36.248501,174.600800
2246,Pahurehure,,,-37.048698,174.928207
3246,Melville,,,-37.822399,175.287598
3600,Paeroa,,,-37.373501,175.671204
4330,Inglewood,,,-39.157001,174.202896
0582,Waipu,,,-36.005199,174.449905
0742,Torbay,,,-36.694901,174.750595
7054,Collingwood,,,-40.676399,172.682297
9842,East End,,,-46.599098,168.343597
7042,Nelson South,,,-41.274399,173.276596
7110,Takaka,,,-40.856201,172.810196
8247,Mount Pleasant,,,-43.557400,172.702606
4984,Konini,,,-40.508099,175.767303
4377,Uruti,,,-38.942101,174.481903
9483,Macraes Flat,,,-45.344398,170.459503
2151,Favona,,,-36.942200,174.787506
4977,Makotuku,,,-40.124001,176.223206
7145,Rai Valley,,,-41.228001,173.583099
1151,Point Resolution,,,-36.856800,174.781097
0882,Waimauku,,,-36.717602,174.526306
0973,Wharehine,,,-36.314999,174.447006
8445,Templeton,,,-43.553299,172.473206
2147,Beachlands,,,-36.882500,174.996902
3360,Tarawera,,,-39.026600,176.573395
3941,Te Kuiti,,,-38.334400,175.165604
5041,Taita,,,-41.198601,174.947601
0449,Ahipara,,,-35.170898,173.153397
7482,Waipara,,,-43.101002,172.643799
7741,Tinwald,,,-43.919998,171.720596
7242,Witherlea,,,-41.530102,173.955200
7373,Charwell Forks,,,-42.437500,173.373505
9351,Arrowtown,,,-44.938801,168.832993
0520,Rowsells,,,-36.107700,174.356796
7448,Waikuku Beach,,,-43.286701,172.716400
7971,Esk Valley,,,-44.529999,171.085907
9395,Gimmerburn,,,-45.130199,169.960999
4161,Pahowai,,,-39.603802,176.892807
3876,Pirongia,,,-38.003601,175.176300
4696,Te Ranga,,,-39.285400,175.176193
3342,Te Aroha,,,-37.542900,175.712402
4040,Kaiti,,,-38.664101,178.024994
4942,Dannevirke,,,-40.209801,176.096603
0960,Okiwi,,,-36.155602,175.393494
0991,Whangapara,,,-36.200001,175.428696
6037,Ohariu,,,-41.195099,174.780502
9343,Wanaka,,,-44.694302,169.139206
9355,Wedderburn,,,-45.030102,170.009995
3990,Upper Ruatiti,,,-39.151699,175.228302
4399,Moeroa,,,-39.430901,174.635101
4970,Ti-tree Point,,,-40.393398,176.412292
0961,Okupu,,,-36.242699,175.462006
9012,Saint Kilda,,,-45.905899,170.491196
4675,Matapu,,,-39.506500,174.220093
4894,Bulls,,,-40.194099,175.292999
0749,Birkdale,,,-36.792500,174.687195
2582,Clevedon,,,-36.973801,175.017899
7473,Waikuku,,,-43.292801,172.655807
7641,Woodend,,,-43.322399,172.665894
0792,Red Vale,,,-36.688400,174.692703
4051,Matawai,,,-38.357601,177.534500
4848,Foxton,,,-40.474899,175.281204
7077,Matakitaki,,,-41.941002,172.432999
7020,Richmond,,,-41.343700,173.184998
9644,Nightcaps,,,-45.970200,168.032104
3284,Eureka,,,-37.757599,175.396103
4142,Pirimai,,,-39.507301,176.882095
8142,Christchurch,,,-43.535198,172.640305
9532,Lawrence,,,-45.918900,169.686203
0244,Moerewa,,,-35.387501,174.014404
3881,Ohaupo,,,-37.908100,175.348602
7675,Rolleston,,,-43.596600,172.347595
3784,Waiterimu,,,-37.461700,175.292496
4577,Kauangaroa,,,-39.895100,175.341293
0629,Marlborough,,,-36.775299,174.719894
3243,Frankton Junction,,,-37.795502,175.245804
3843,Kawhia,,,-38.063900,174.822906
0874,Parkhurst,,,-36.565201,174.302795
0900,Wellsford,,,-36.291401,174.516800
1061,Te Papapa,,,-36.915501,174.799103
1347,One Tree Hill,,,-36.900101,174.773407
3791,Komakorau,,,-37.635502,175.239807
4863,Bulls,,,-40.174000,175.386398
0496,Pawarenga,,,-35.343700,173.304596
7011,Stoke,,,-41.309700,173.243195
6242,Berhampore,,,-41.313301,174.779495
3020,Mamaku,,,-38.095600,176.075500
3194,Awakaponga,,,-37.948101,176.767502
4175,Flaxmere,,,-39.623199,176.761795
4198,Waitaniwha,,,-39.072102,177.802094
5048,Wainuiomata,,,-41.260799,174.945694
6440,Newlands,,,-41.223000,174.807007
5881,Kopuaranga,,,-40.821499,175.594803
5886,Upper Tauheru,,,-40.876801,175.747604
4382,Sentry Hill,,,-39.013901,174.217102
7973,Seadown,,,-44.317501,171.291794
0740,Hauraki,,,-36.787498,174.772903
0931,Orewa,,,-36.580002,174.685303
3900,Otorohanga,,,-38.180698,175.223007
5247,Paremata,,,-41.093300,174.868607
5255,Raumati Beach,,,-40.918900,174.982193
7545,Duvauchelle,,,-43.750301,172.932404
0179,Maungatapere,,,-35.756199,174.172806
0193,Waiotira,,,-35.955399,174.195999
5888,Solway,,,-40.905102,175.568405
7546,Little River,,,-43.770302,172.791000
3393,Mangaiti,,,-37.494701,175.606094
3451,Hautapu,,,-37.860500,175.453094
4178,Poukawa,,,-39.771999,176.754395
7183,East Takaka,,,-40.948101,172.886307
9059,Dunedin,,,-45.866100,170.509598
9640,Te Anau,,,-45.415100,167.716400
3997,Ongarue,,,-38.736198,175.373093
7440,Bells,,,-43.303501,172.595398
4893,Marotiri,,,-40.485001,175.329102
3025,Murupara,,,-38.457100,176.709000
3199,Omaio,,,-37.863400,177.853699
9781,Lochiel,,,-46.201801,168.390900
2022,Mangere,,,-36.978401,174.781693
5792,Parkvale,,,-41.116798,175.542297
